{"meta": {"t_sim": 50.0, "t_sim_unit": "s", "dt": 0.01, "dt_unit": "s", "steps": 5000}, "neurons": [[0.5107686441777226, -0.5369692513967808, 0.6059227191595993, [], "s"], [-0.6421275170539791, 0.9131396146283779, 0.35270793493952546, [57, 81, 132, 154, 204, 329, 332, 381, 429, 480, 507, 630, 733, 781, 804, 831, 881, 904, 982, 1004, 1056, 1156, 1180, 1232, 1304, 1332, 1529, 1581, 1658, 1728, 1755, 1803, 1830, 1880, 1905, 1955, 2056, 2079, 2229, 2255, 2305, 2330, 2408, 2430, 2455, 2504, 2531, 2655, 2705, 2730, 2805, 2830, 2854, 2905, 2931, 2956, 3032, 3080, 3130, 3157, 3179, 3279, 3282, 3357, 3404, 3407, 3432, 3456, 3479, 3630, 3679, 3707, 3729, 3756, 3779, 3805, 3831, 3856, 3881, 4007, 4029, 4129, 4132, 4156, 4229, 4232, 4279, 4306, 4331, 4356, 4379, 4405, 4455, 4481, 4532, 4555, 4580, 4605, 4654, 4680, 4705, 4758, 4780, 4806, 4878, 4906, 4929], "s"], [0.9038636960495607, -0.7032153089350808, 0.21271244347117002, [58, 61, 63, 79, 82, 104, 130, 131, 132, 133, 177, 178, 179, 180, 181, 183, 208, 212, 229, 230, 231, 231, 256, 279, 281, 283, 329, 331, 333, 377, 378, 379, 380, 381, 383, 386, 390, 404, 430, 432, 434, 453, 454, 455, 456, 479, 485, 487, 504, 528, 529, 530, 531, 532, 555, 556, 557, 559, 605, 627, 628, 629, 630, 631, 678, 679, 680, 681, 682, 728, 730, 731, 732, 738, 742, 777, 778, 779, 780, 781, 783, 805, 808, 827, 829, 830, 831, 832, 851, 854, 856, 857, 876, 877, 879, 881, 887, 889, 926, 929, 930, 931, 932, 977, 979, 981, 1028, 1029, 1030, 1031, 1032, 1054, 1055, 1057, 1061, 1063, 1077, 1079, 1080, 1082, 1102, 1104, 1105, 1106, 1107, 1129, 1130, 1131, 1133, 1155, 1177, 1178, 1179, 1180, 1181, 1182, 1203, 1204, 1205, 1206, 1230, 1237, 1239, 1253, 1254, 1255, 1256, 1279, 1304, 1305, 1306, 1307, 1327, 1328, 1329, 1330, 1331, 1354, 1378, 1379, 1380, 1381, 1382, 1403, 1404, 1405, 1406, 1407, 1429, 1456, 1458, 1466, 1468, 1481, 1505, 1507, 1533, 1537, 1554, 1555, 1556, 1558, 1603, 1628, 1630, 1633, 1653, 1653, 1655, 1655, 1657, 1680, 1703, 1705, 1705, 1707, 1733, 1735, 1737, 1753, 1755, 1755, 1778, 1778, 1780, 1780, 1830, 1833, 1835, 1853, 1853, 1855, 1855, 1878, 1878, 1880, 1882, 1886, 1887, 1905, 1977, 1978, 1978, 1980, 1980, 2028, 2028, 2030, 2032, 2055, 2057, 2061, 2063, 2077, 2078, 2079, 2080, 2081, 2103, 2104, 2105, 2107, 2128, 2129, 2130, 2131, 2132, 2153, 2154, 2155, 2156, 2178, 2181, 2182, 2184, 2202, 2203, 2204, 2205, 2206, 2229, 2235, 2237, 2354, 2355, 2357, 2359, 2380, 2413, 2415, 2417, 2430, 2454, 2457, 2477, 2478, 2479, 2480, 2481, 2505, 2529, 2531, 2533, 2554, 2555, 2556, 2557, 2577, 2578, 2579, 2581, 2602, 2603, 2604, 2606, 2630, 2655, 2657, 2660, 2662, 2703, 2704, 2705, 2706, 2707, 2729, 2730, 2731, 2733, 2754, 2755, 2756, 2758, 2778, 2779, 2780, 2781, 2782, 2806, 2812, 2814, 2829, 2831, 2832, 2852, 2853, 2854, 2856, 2877, 2878, 2879, 2881, 2883, 2904, 2905, 2906, 2907, 2928, 2930, 2931, 2932, 2954, 2979, 2981, 2983, 3004, 3029, 3031, 3033, 3037, 3039, 3052, 3053, 3054, 3055, 3056, 3078, 3079, 3080, 3081, 3083, 3104, 3105, 3106, 3108, 3136, 3140, 3153, 3154, 3155, 3156, 3157, 3179, 3180, 3181, 3183, 3204, 3229, 3231, 3232, 3254, 3278, 3279, 3279, 3281, 3282, 3303, 3304, 3306, 3307, 3329, 3329, 3331, 3332, 3353, 3354, 3356, 3357, 3361, 3366, 3402, 3403, 3404, 3404, 3406, 3407, 3429, 3455, 3457, 3479, 3480, 3481, 3482, 3504, 3527, 3528, 3529, 3530, 3531, 3554, 3556, 3557, 3559, 3578, 3579, 3580, 3581, 3582, 3605, 3629, 3630, 3631, 3632, 3636, 3680, 3682, 3685, 3702, 3703, 3704, 3705, 3706, 3707, 3729, 3752, 3753, 3754, 3755, 3756, 3757, 3779, 3781, 3782, 3782, 3802, 3803, 3804, 3805, 3807, 3827, 3828, 3829, 3830, 3831, 3832, 3854, 3855, 3856, 3857, 3878, 3879, 3880, 3881, 3903, 3904, 3905, 3906, 3907, 3953, 3954, 3955, 3956, 3957, 4003, 4004, 4005, 4006, 4007, 4014, 4016, 4030, 4053, 4055, 4056, 4057, 4078, 4079, 4080, 4081, 4082, 4102, 4103, 4104, 4105, 4106, 4153, 4154, 4156, 4157, 4202, 4203, 4204, 4205, 4206, 4208, 4228, 4229, 4230, 4231, 4232, 4234, 4237, 4278, 4279, 4280, 4281, 4282, 4303, 4304, 4305, 4306, 4307, 4330, 4403, 4404, 4405, 4406, 4407, 4429, 4431, 4432, 4434, 4452, 4453, 4454, 4455, 4456, 4460, 4462, 4530, 4532, 4534, 4537, 4604, 4607, 4609, 4627, 4628, 4630, 4631, 4652, 4653, 4654, 4655, 4656, 4660, 4662, 4679, 4681, 4682, 4684, 4703, 4705, 4707, 4728, 4730, 4731, 4732, 4753, 4754, 4755, 4756, 4757, 4779, 4780, 4781, 4782, 4854, 4855, 4856, 4857, 4858, 4878, 4879, 4880, 4881, 4883, 4885, 4904, 4905, 4906, 4907, 4931, 4957, 4959, 4961, 4981], "s"], [-0.5818704564239185, 0.5548586445803112, 0.7689202563788253, [53, 54, 55, 56, 57, 61, 78, 79, 80, 81, 128, 131, 133, 152, 153, 154, 155, 180, 202, 203, 204, 204, 206, 283, 328, 329, 330, 331, 332, 379, 380, 381, 382, 427, 428, 429, 430, 431, 434, 478, 479, 480, 481, 483, 504, 505, 506, 507, 531, 628, 629, 630, 631, 632, 681, 732, 779, 780, 781, 782, 801, 802, 804, 805, 807, 827, 829, 830, 831, 879, 880, 881, 882, 901, 902, 904, 905, 907, 931, 980, 981, 983, 1001, 1002, 1004, 1005, 1007, 1031, 1054, 1055, 1056, 1058, 1154, 1155, 1156, 1157, 1178, 1179, 1180, 1181, 1182, 1230, 1231, 1232, 1302, 1303, 1304, 1305, 1306, 1308, 1329, 1331, 1381, 1460, 1509, 1527, 1528, 1529, 1530, 1531, 1558, 1579, 1580, 1582, 1630, 1657, 1707, 1727, 1728, 1728, 1730, 1730, 1732, 1753, 1755, 1755, 1757, 1782, 1802, 1803, 1803, 1805, 1805, 1828, 1828, 1830, 1830, 1835, 1878, 1880, 1880, 1882, 1903, 1905, 1905, 1907, 1953, 1953, 1955, 1955, 1958, 1980, 2030, 2055, 2056, 2058, 2077, 2078, 2080, 2081, 2132, 2227, 2228, 2229, 2230, 2232, 2253, 2254, 2255, 2256, 2258, 2303, 2304, 2305, 2306, 2308, 2328, 2329, 2330, 2332, 2357, 2405, 2407, 2417, 2428, 2429, 2430, 2432, 2453, 2454, 2456, 2480, 2502, 2503, 2505, 2506, 2529, 2530, 2531, 2532, 2558, 2653, 2654, 2655, 2656, 2657, 2702, 2704, 2705, 2706, 2728, 2729, 2730, 2731, 2803, 2804, 2805, 2807, 2827, 2829, 2830, 2831, 2852, 2853, 2854, 2855, 2857, 2903, 2904, 2905, 2906, 2907, 2929, 2930, 2931, 2932, 2954, 2955, 2956, 2958, 2983, 3030, 3031, 3032, 3033, 3078, 3079, 3080, 3081, 3082, 3128, 3129, 3130, 3131, 3155, 3156, 3177, 3178, 3179, 3181, 3232, 3278, 3279, 3279, 3281, 3282, 3307, 3354, 3356, 3357, 3359, 3402, 3403, 3404, 3406, 3407, 3430, 3431, 3432, 3453, 3455, 3456, 3457, 3477, 3478, 3479, 3481, 3482, 3530, 3628, 3629, 3630, 3631, 3632, 3677, 3678, 3679, 3680, 3681, 3685, 3704, 3706, 3707, 3727, 3728, 3730, 3731, 3732, 3754, 3755, 3756, 3777, 3778, 3779, 3780, 3782, 3803, 3804, 3805, 3806, 3829, 3830, 3831, 3854, 3855, 3857, 3878, 3880, 3881, 3907, 3956, 4006, 4007, 4027, 4028, 4029, 4030, 4032, 4057, 4082, 4128, 4129, 4130, 4131, 4132, 4154, 4155, 4156, 4205, 4228, 4229, 4230, 4231, 4232, 4277, 4278, 4279, 4280, 4281, 4282, 4304, 4305, 4306, 4307, 4329, 4330, 4331, 4333, 4354, 4355, 4356, 4377, 4378, 4379, 4380, 4382, 4403, 4404, 4405, 4406, 4407, 4453, 4454, 4455, 4456, 4457, 4479, 4480, 4481, 4483, 4529, 4531, 4532, 4534, 4553, 4554, 4555, 4556, 4578, 4579, 4580, 4582, 4603, 4604, 4606, 4607, 4609, 4652, 4653, 4654, 4655, 4656, 4658, 4678, 4679, 4680, 4682, 4703, 4704, 4705, 4707, 4756, 4757, 4759, 4778, 4779, 4780, 4781, 4782, 4804, 4805, 4806, 4857, 4877, 4878, 4879, 4880, 4881, 4882, 4904, 4905, 4906, 4927, 4928, 4929, 4930, 4961], "s"], [0.5316312564777508, -0.9208519832025754, -0.7513869125306474, [57, 60, 61, 63, 208, 210, 212, 385, 387, 390, 484, 486, 488, 737, 739, 742, 885, 888, 891, 1060, 1062, 1065, 1236, 1238, 1241, 1465, 1467, 1470, 1532, 1535, 1538, 1732, 1734, 1737, 1885, 1887, 1890, 2060, 2062, 2065, 2234, 2237, 2240, 2412, 2414, 2417, 2659, 2661, 2664, 2809, 2811, 2814, 3036, 3038, 3041, 3044, 3135, 3137, 3140, 3361, 3363, 3366, 3632, 3635, 3636, 3638, 3641, 4013, 4015, 4018, 4021, 4233, 4235, 4238, 4459, 4461, 4463, 4464, 4467, 4659, 4661, 4664, 4882, 4884, 4887],