{"meta": {"t_sim": 50.0, "t_sim_unit": "s", "dt": 0.01, "dt_unit": "s", "steps": 5000}, "neurons": [[0.8174469366455652, -0.9183939961499339, 0.09301847180080802, [32, 57, 131, 208, 231, 257, 307, 356, 409, 456, 505, 531, 558, 583, 607, 756, 784, 808, 831, 956, 982, 1033, 1081, 1108, 1159, 1181, 1231, 1258, 1307, 1336, 1381, 1457, 1531, 1655, 1683, 1755, 1834, 1905, 1955, 2032, 2182, 2330, 2357, 2409, 2430, 2482, 2558, 2582, 2634, 2681, 2781, 2857, 2906, 2955, 3031, 3083, 3107, 3133, 3181, 3231, 3282, 3329, 3359, 3409, 3431, 3657, 3682, 3731, 3757, 3782, 3809, 3856, 3882, 3907, 3982, 4106, 4158, 4256, 4331, 4383, 4456, 4532, 4558, 4636, 4834, 4881, 4932, 4958]], [-0.12954598060049283, -0.2912254738377349, -0.5072898808731379, [31, 80, 105, 130, 158, 179, 206, 328, 354, 380, 430, 530, 555, 655, 804, 856, 879, 1005, 1030, 1057, 1080, 1133, 1155, 1181, 1206, 1231, 1305, 1330, 1357, 1380, 1406, 1481, 1505, 1530, 1605, 1630, 1655, 1803, 1830, 1955, 2005, 2030, 2055, 2105, 2130, 2180, 2282, 2305, 2331, 2433, 2456, 2481, 2506, 2556, 2605, 2631, 2656, 2680, 2732, 2782, 2855, 2904, 2931, 2956, 3054, 3081, 3106, 3182, 3207, 3281, 3356, 3406, 3503, 3531, 3556, 3607, 3680, 3731, 3832, 3881, 3955, 3980, 4006, 4030, 4056, 4105, 4157, 4183, 4230, 4256, 4331, 4355, 4380, 4431, 4533, 4580, 4604, 4630, 4730, 4755, 4782, 4879, 4931]], [-0.29230171774627367, -0.1921275175349706, 0.8832123588591945, [28, 28, 30, 31, 32, 53, 55, 56, 57, 80, 105, 129, 130, 131, 133, 156, 160, 180, 206, 206, 228, 229, 230, 231, 233, 255, 256, 257, 305, 306, 307, 330, 354, 355, 356, 358, 381, 385, 406, 408, 431, 436, 454, 455, 456, 458, 482, 484, 503, 504, 506, 507, 528, 529, 530, 531, 554, 556, 557, 558, 579, 581, 582, 605, 606, 607, 634, 655, 681, 707, 754, 755, 756, 758, 781, 782, 783, 805, 806, 807, 829, 830, 831, 835, 857, 880, 907, 931, 954, 955, 956, 958, 980, 981, 982, 1006, 1008, 1030, 1031, 1032, 1056, 1079, 1080, 1081, 1083, 1086, 1104, 1105, 1106, 1107, 1131, 1132, 1156, 1158, 1179, 1180, 1181, 1182, 1207, 1229, 1230, 1231, 1233, 1255, 1256, 1257, 1261, 1305, 1306, 1307, 1331, 1335, 1357, 1379, 1380, 1382, 1384, 1404, 1405, 1407, 1431, 1435, 1455, 1456, 1457, 1481, 1505, 1529, 1530, 1532, 1556, 1559, 1582, 1605, 1632, 1653, 1655, 1655, 1657, 1680, 1680, 1682, 1753, 1755, 1755, 1758, 1782, 1784, 1805, 1830, 1833, 1855, 1860, 1903, 1905, 1905, 1908, 1928, 1930, 1933, 1953, 1953, 1955, 1955, 1959, 1980, 1980, 1982, 1984, 2005, 2010, 2028, 2030, 2030, 2055, 2061, 2106, 2130, 2135, 2157, 2180, 2181, 2182, 2204, 2205, 2209, 2233, 2256, 2284, 2306, 2328, 2329, 2330, 2331, 2333, 2354, 2355, 2356, 2360, 2381, 2382, 2406, 2408, 2428, 2429, 2430, 2431, 2433, 2456, 2458, 2479, 2480, 2481, 2505, 2508, 2556, 2557, 2558, 2579, 2580, 2581, 2605, 2631, 2633, 2656, 2679, 2680, 2681, 2706, 2708, 2731, 2732, 2779, 2780, 2781, 2782, 2783, 2803, 2805, 2806, 2807, 2808, 2855, 2856, 2857, 2881, 2904, 2905, 2906, 2930, 2932, 2953, 2954, 2956, 2957, 3029, 3030, 3031, 3033, 3054, 3055, 3057, 3079, 3081, 3082, 3104, 3105, 3106, 3107, 3130, 3131, 3132, 3154, 3155, 3157, 3179, 3180, 3181, 3182, 3184, 3207, 3229, 3229, 3231, 3232, 3257, 3279, 3282, 3282, 3307, 3310, 3328, 3329, 3329, 3331, 3356, 3357, 3382, 3385, 3406, 3407, 3428, 3429, 3430, 3431, 3481, 3482, 3507, 3532, 3556, 3580, 3582, 3603, 3604, 3606, 3607, 3609, 3631, 3634, 3655, 3656, 3657, 3680, 3681, 3682, 3706, 3729, 3730, 3731, 3732, 3754, 3755, 3756, 3780, 3781, 3782, 3805, 3807, 3807, 3832, 3854, 3855, 3856, 3857, 3879, 3881, 3882, 3904, 3905, 3906, 3907, 3931, 3955, 3980, 3981, 3982, 3982, 4005, 4006, 4007, 4030, 4056, 4104, 4105, 4106, 4155, 4156, 4157, 4183, 4231, 4254, 4255, 4256, 4261, 4281, 4284, 4307, 4329, 4330, 4331, 4355, 4360, 4379, 4381, 4382, 4431, 4454, 4455, 4456, 4457, 4459, 4480, 4481, 4482, 4507, 4509, 4529, 4530, 4531, 4534, 4555, 4556, 4557, 4560, 4579, 4580, 4582, 4605, 4630, 4635, 4656, 4682, 4730, 4755, 4760, 4782, 4831, 4833, 4879, 4880, 4881, 4929, 4930, 4931, 4933, 4954, 4956, 4957, 4959, 4979, 4980, 4982]], [-0.47140155113382187, -0.49692222531752717, -0.8509616021223096, [27, 28, 30, 31, 78, 79, 81, 103, 104, 106, 128, 129, 131, 155, 157, 177, 178, 180, 182, 204, 204, 206, 231, 255, 308, 327, 328, 329, 352, 353, 354, 356, 378, 379, 381, 428, 429, 431, 528, 529, 530, 532, 553, 554, 558, 653, 654, 656, 680, 709, 757, 802, 804, 805, 807, 854, 855, 857, 876, 877, 879, 881, 957, 1002, 1004, 1007, 1028, 1029, 1032, 1054, 1056, 1078, 1079, 1081, 1082, 1131, 1132, 1153, 1154, 1155, 1179, 1180, 1182, 1204, 1205, 1207, 1229, 1230, 1231, 1303, 1304, 1306, 1309, 1328, 1329, 1332, 1355, 1356, 1359, 1378, 1379, 1381, 1404, 1405, 1479, 1480, 1482, 1503, 1504, 1506, 1528, 1529, 1531, 1561, 1603, 1605, 1607, 1628, 1630, 1632, 1653, 1653, 1655, 1683, 1757, 1803, 1803, 1805, 1828, 1830, 1832, 1862, 1907, 1953, 1953, 1955, 2003, 2003, 2028, 2028, 2030, 2053, 2054, 2056, 2103, 2104, 2106, 2128, 2129, 2131, 2137, 2178, 2179, 2181, 2184, 2278, 2281, 2282, 2303, 2304, 2305, 2307, 2328, 2330, 2331, 2429, 2432, 2453, 2455, 2456, 2479, 2480, 2481, 2503, 2505, 2507, 2554, 2555, 2558, 2582, 2603, 2604, 2606, 2629, 2630, 2633, 2654, 2655, 2678, 2679, 2681, 2730, 2731, 2733, 2780, 2781, 2784, 2853, 2854, 2856, 2902, 2903, 2904, 2906, 2929, 2930, 2932, 2954, 2955, 2957, 3032, 3053, 3054, 3056, 3079, 3080, 3082, 3104, 3105, 3107, 3179, 3181, 3182, 3204, 3206, 3232, 3278, 3279, 3281, 3284, 3311, 3354, 3354, 3357, 3386, 3404, 3407, 3431, 3485, 3502, 3505, 3506, 3529, 3530, 3531, 3534, 3554, 3555, 3557, 3584, 3606, 3678, 3679, 3680, 3682, 3729, 3730, 3732, 3830, 3831, 3857, 3878, 3880, 3881, 3882, 3953, 3954, 3956, 3978, 3979, 3982, 4004, 4005, 4007, 4028, 4029, 4031, 4054, 4055, 4057, 4103, 4104, 4106, 4108, 4155, 4156, 4157, 4181, 4182, 4228, 4229, 4230, 4232, 4253, 4255, 4256, 4328, 4330, 4331, 4333, 4353, 4354, 4356, 4378, 4379, 4381, 4429, 4430, 4432, 4456, 4531, 4532, 4577, 4579, 4580, 4582, 4602, 4603, 4604, 4607, 4628, 4629, 4632, 4728, 4729, 4731, 4753, 4754, 4756, 4762, 4780, 4781, 4784, 4835, 4878, 4879, 4880, 4882, 4929, 4930, 4931, 4932]], [-0.9669570295700187, 0.952632068017434, 0.45640671281586265, [28, 28, 31, 130, 132, 154, 157, 204, 204, 230, 233, 355, 356, 379, 382, 430, 433, 480, 481, 505, 507, 554, 555, 632, 678, 679, 681, 705, 708, 754, 755, 831, 832, 854, 856, 879, 882, 905, 907, 929, 932, 954, 957, 1004, 1005, 1080, 1083, 1104, 1154, 1155, 1230, 1231, 1256, 1258, 1330, 1332, 1404, 1405, 1429, 1432, 1455, 1529, 1530, 1554, 1556, 1580, 1582, 1605, 1780, 1780, 1828, 1830, 1853, 1855, 1905, 1907, 1930, 1933, 1953, 1955, 1980, 2005, 2007, 2030, 2054, 2058, 2130, 2132, 2154, 2156, 2179, 2181, 2204, 2206, 2231, 2253, 2254, 2256, 2355, 2357, 2404, 2405, 2454, 2455, 2504, 2505, 2556, 2557, 2580, 2583, 2629, 2630, 2704, 2705, 2804, 2805, 2854, 2855, 2879, 2881, 3030, 3031, 3055, 3057, 3079, 3081, 3104, 3106, 3129, 3131, 3180, 3181, 3204, 3207, 3232, 3254, 3279, 3281, 3304, 3307, 3354, 3354, 3379, 3382, 3404, 3407, 3479, 3480, 3482, 3505, 3507, 3605, 3606, 3629, 3631, 3654, 3656, 3679, 3681, 3704, 3706, 3730, 3732, 3806, 3807, 3879, 3880, 3905, 3907, 3929, 3931, 3979, 3980, 4005, 4007, 4056, 4153, 4154, 4155, 4256, 4258, 4279, 4281, 4305, 4307, 4354, 4357, 4455, 4456, 4505, 4506, 4529, 4531, 4555, 4557, 4630, 4632, 4654, 4656, 4680, 4754, 4757, 4780, 4782, 4829, 4830, 4954, 4956]], [-0.5811944259148094, -0.7319524217362308, 0.22177856625581538, [27, 28, 28, 30, 31, 32, 33, 52, 54, 55, 56, 77, 78, 79, 80, 81, 102, 103, 104, 105, 107, 127, 128, 129, 130, 131, 132, 135, 153, 154, 155, 157, 158, 177, 178, 180, 181, 203, 204, 204, 206, 206, 208, 227, 228, 229, 230, 231, 231, 233, 253, 254, 255, 256, 303, 304, 305, 306, 327, 328, 329, 331, 352, 353, 354, 355, 356, 357, 358, 378, 379, 380, 381, 382, 404, 405, 407, 428, 429, 430, 431, 432, 433, 438, 453, 454, 455, 457, 479, 480, 481, 482, 486, 502, 503, 504, 505, 506, 507, 508, 527, 528, 529, 530, 531, 532, 552, 553, 554, 555, 556, 557, 577, 578, 580, 581, 582, 603, 604, 605, 606, 629, 632, 633, 