{"meta": {"t_sim": 120, "t_sim_unit": "", "dt": 1, "dt_unit": "", "steps": 120}, "neurons": [[0.27615386574597334, 0.5098392727242472, 0.05180957624463545, [0, 61]], [0.4992050828373633, 0.24888936062541445, 0.3423144307612279, [3, 64]], [0.6425227096995522, 0.056471072681811174, 0.22946514764501136, [6, 67]], [0.4673290704333126, 0.2719730661954548, 0.6741557665826099, [9, 70]], [0.47161992384353046, 0.3368673884967147, 0.6826692290860996, [12, 73]], [0.8063954538704226, 0.43929174075556987, 0.002376353703647971, [15, 76]], [0.5240067510532661, 0.7262382341221763, 0.3332446832450372, [18, 80]], [0.3733439065049642, 0.5587645025330132, 0.6961754256750184, [21, 83]], [0.8114014930162402, 0.21790570918919194, 0.4900014014894014, [24, 86]], [0.7441414494338223, 0.389927301719723, 0.4901720494826217, [27, 89]], [0.030055360662197717, 0.10856362365823147, 0.9889296599067573, [30, 92]], [0.5349871742994614, 0.338050149792091, 0.8331391801322786, [33, 95]], [0.6935893006296333, 0.7704238728350612, 0.1463666696022451, [36, 98]], [0.6095063218500567, 0.20491205169710847, 0.8682394867185108, [40, 101]], [0.60513634329935, 0.5775976857601863, 0.7125562386123783, [43, 104]], [0.1789963426492429, 0.5640596279436565, 0.9618377353747145, [46, 107]], [0.08367574813111689, 0.8122865794366912, 0.9749574191212633, [49, 110]], [0.8090453278199621, 0.7933277884138727, 0.6257302132344289, [52, 113]], [0.9628693945810438, 0.917747738544336, 0.023992960979080213, [55, 116]], [0.9722326626576547, 0.9780877911727124, 0.20172516518597505, [58, 120]]], "synapses": [[0.0, 4.0, 0.9538247915297131], [0.0, 19.0, 0.9738765437116226], [1.0, 4.0, 0.9615524098819171], [1.0, 6.0, 0.9334725513226322], [1.0, 9.0, 0.9396316768866878], [1.0, 14.0, 0.9530406422639497], [1.0, 16.0, 0.9758541178484158], [2.0, 0.0, 0.9977344817093254], [3.0, 8.0, 0.9170707493470907], [3.0, 17.0, 0.980652211421438], [5.0, 9.0, 0.9350853006328617], [5.0, 13.0, 0.9401210603432724], [5.0, 15.0, 0.9742730612486554], [5.0, 16.0, 0.9650961733560846], [6.0, 4.0, 0.9915075385582353], [6.0, 14.0, 0.9341601936169325], [7.0, 5.0, 0.9179631680757819], [8.0, 1.0, 0.9807439163831164], [8.0, 3.0, 0.9795411713081504], [9.0, 5.0, 0.9136821172988645], [9.0, 8.0, 0.9837193054109107], [10.0, 0.0, 0.9496355426626467], [10.0, 3.0, 0.9043796243206114], [11.0, 18.0, 0.9035656572435817], [13.0, 18.0, 0.9204174836084124], [14.0, 8.0, 0.9005478111047006], [15.0, 5.0, 0.9634541940870638], [15.0, 10.0, 0.9002740468329674], [15.0, 13.0, 0.9239994611245063], [16.0, 8.0, 0.9617389676398153], [19.0, 0.0, 0.9117928472071017]]}